CBO;OCUPACAO;GRUPO_AMOSTRAGEM;ANO;VINCULOS_ATIVOS_31_12;REMUNERACAO_MEDIA_NOMINAL;QTD_REMUNERACOES_VALIDAS;PERCENTUAL_REMUNERACOES_VALIDAS;REGISTROS_CBO;STATUS;ISCO_08;OCUPACAO_ISCO;EXPOSICAO_OIT_2025;SCORE_MEDIO_OIT;SD_OIT;CONFIANCA_CROSSWALK
212405;Analista de desenvolvimento de sistemas;INTERMEDIARIA;2019;184434;7571,20;180207;97,71;247198;OK;2511;Systems Analysts;Gradient 2;0,49;0,05;BOA
212405;Analista de desenvolvimento de sistemas;INTERMEDIARIA;2020;197055;7652,86;193737;98,32;257278;OK;2511;Systems Analysts;Gradient 2;0,49;0,05;BOA
212405;Analista de desenvolvimento de sistemas;INTERMEDIARIA;2021;235474;8139,86;233563;99,19;328459;OK;2511;Systems Analysts;Gradient 2;0,49;0,05;BOA
212405;Analista de desenvolvimento de sistemas;INTERMEDIARIA;2022;262588;10359,98;258656;98,50;354794;OK;2511;Systems Analysts;Gradient 2;0,49;0,05;BOA
212405;Analista de desenvolvimento de sistemas;INTERMEDIARIA;2023;272231;9790,06;267234;98,16;352591;OK;2511;Systems Analysts;Gradient 2;0,49;0,05;BOA
212405;Analista de desenvolvimento de sistemas;INTERMEDIARIA;2024;282365;10389,92;276753;98,01;364398;OK;2511;Systems Analysts;Gradient 2;0,49;0,05;BOA
212420;Analista de suporte computacional;INTERMEDIARIA;2019;92439;4545,26;90298;97,68;123839;OK;2522;Systems Administrators;Gradient 3;0,57;0,05;BOA
212420;Analista de suporte computacional;INTERMEDIARIA;2020;93176;4461,08;91702;98,42;123099;OK;2522;Systems Administrators;Gradient 3;0,57;0,05;BOA
212420;Analista de suporte computacional;INTERMEDIARIA;2021;97780;4694,06;96967;99,17;136205;OK;2522;Systems Administrators;Gradient 3;0,57;0,05;BOA
212420;Analista de suporte computacional;INTERMEDIARIA;2022;104896;5793,92;102567;97,78;144072;OK;2522;Systems Administrators;Gradient 3;0,57;0,05;BOA
212420;Analista de suporte computacional;INTERMEDIARIA;2023;107334;5313,43;105116;97,93;143117;OK;2522;Systems Administrators;Gradient 3;0,57;0,05;BOA
212420;Analista de suporte computacional;INTERMEDIARIA;2024;107789;5460,36;105359;97,75;144208;OK;2522;Systems Administrators;Gradient 3;0,57;0,05;BOA
223505;Enfermeiro;INTERMEDIARIA;2019;295948;4982,19;286600;96,84;370249;OK;2221;Nursing Professionals;Not Exposed;0,25;0,13;FORTE
223505;Enfermeiro;INTERMEDIARIA;2020;328867;4966,24;318128;96,73;434656;OK;2221;Nursing Professionals;Not Exposed;0,25;0,13;FORTE
223505;Enfermeiro;INTERMEDIARIA;2021;354123;5204,94;350450;98,96;484559;OK;2221;Nursing Professionals;Not Exposed;0,25;0,13;FORTE
223505;Enfermeiro;INTERMEDIARIA;2022;369290;6401,55;360015;97,49;493455;OK;2221;Nursing Professionals;Not Exposed;0,25;0,13;FORTE
223505;Enfermeiro;INTERMEDIARIA;2023;408611;6307,57;378844;92,72;518068;OK;2221;Nursing Professionals;Not Exposed;0,25;0,13;FORTE
223505;Enfermeiro;INTERMEDIARIA;2024;427937;6698,23;393897;92,05;555966;OK;2221;Nursing Professionals;Not Exposed;0,25;0,13;FORTE
241005;Advogado;INTERMEDIARIA;2019;54129;7681,12;52858;97,65;69406;OK;2611;Lawyers;Minimal Exposure;0,36;0,09;FORTE
241005;Advogado;INTERMEDIARIA;2020;52860;7914,50;51669;97,75;65991;OK;2611;Lawyers;Minimal Exposure;0,36;0,09;FORTE
241005;Advogado;INTERMEDIARIA;2021;57391;8068,08;56741;98,87;70994;OK;2611;Lawyers;Minimal Exposure;0,36;0,09;FORTE
241005;Advogado;INTERMEDIARIA;2022;61318;9960,08;59941;97,75;78460;OK;2611;Lawyers;Minimal Exposure;0,36;0,09;FORTE
241005;Advogado;INTERMEDIARIA;2023;66170;9428,77;60704;91,74;84258;OK;2611;Lawyers;Minimal Exposure;0,36;0,09;FORTE
241005;Advogado;INTERMEDIARIA;2024;65966;9488,88;58376;88,49;86721;OK;2611;Lawyers;Minimal Exposure;0,36;0,09;FORTE
251605;Assistente social;INTERMEDIARIA;2019;76103;4295,18;75207;98,82;92720;OK;2635;Social Work and Counselling Professionals;Not Exposed;0,28;0,1;FORTE
251605;Assistente social;INTERMEDIARIA;2020;75480;4394,11;74325;98,47;94204;OK;2635;Social Work and Counselling Professionals;Not Exposed;0,28;0,1;FORTE
251605;Assistente social;INTERMEDIARIA;2021;81841;4344,90;81127;99,13;102907;OK;2635;Social Work and Counselling Professionals;Not Exposed;0,28;0,1;FORTE
251605;Assistente social;INTERMEDIARIA;2022;93807;5279,82;92288;98,38;118257;OK;2635;Social Work and Counselling Professionals;Not Exposed;0,28;0,1;FORTE
251605;Assistente social;INTERMEDIARIA;2023;105805;5565,07;97886;92,52;131761;OK;2635;Social Work and Counselling Professionals;Not Exposed;0,28;0,1;FORTE
251605;Assistente social;INTERMEDIARIA;2024;108846;5954,67;99427;91,35;139575;OK;2635;Social Work and Counselling Professionals;Not Exposed;0,28;0,1;FORTE
252105;Administrador;INTERMEDIARIA;2019;244885;6792,97;238598;97,43;316347;OK;2421;Management and Organization Analysts;Gradient 2;0,46;0,1;BOA
252105;Administrador;INTERMEDIARIA;2020;248779;6852,32;243233;97,77;309890;OK;2421;Management and Organization Analysts;Gradient 2;0,46;0,1;BOA
252105;Administrador;INTERMEDIARIA;2021;284887;6600,55;281262;98,73;361441;OK;2421;Management and Organization Analysts;Gradient 2;0,46;0,1;BOA
252105;Administrador;INTERMEDIARIA;2022;309880;8761,17;298946;96,47;405966;OK;2421;Management and Organization Analysts;Gradient 2;0,46;0,1;BOA
252105;Administrador;INTERMEDIARIA;2023;336222;7152,10;313836;93,34;430479;OK;2421;Management and Organization Analysts;Gradient 2;0,46;0,1;BOA
252105;Administrador;INTERMEDIARIA;2024;345947;7391,81;321074;92,81;450988;OK;2421;Management and Organization Analysts;Gradient 2;0,46;0,1;BOA
252210;Contador;ALTA;2019;137310;6244,22;134469;97,93;176259;OK;2411;Accountants;Gradient 3;0,51;0,08;FORTE
252210;Contador;ALTA;2020;138765;6166,30;136541;98,40;171012;OK;2411;Accountants;Gradient 3;0,51;0,08;FORTE
252210;Contador;ALTA;2021;144898;6420,35;143401;98,97;183944;OK;2411;Accountants;Gradient 3;0,51;0,08;FORTE
252210;Contador;ALTA;2022;149185;7756,05;145414;97,47;195982;OK;2411;Accountants;Gradient 3;0,51;0,08;FORTE
252210;Contador;ALTA;2023;156768;7280,33;151316;96,52;202622;OK;2411;Accountants;Gradient 3;0,51;0,08;FORTE
252210;Contador;ALTA;2024;162151;7580,88;156220;96,34;210858;OK;2411;Accountants;Gradient 3;0,51;0,08;FORTE
252405;Analista de recursos humanos;INTERMEDIARIA;2019;86065;4262,96;84022;97,63;120341;OK;2423;Personnel and Careers Professionals;Gradient 2;0,45;0,07;FORTE
252405;Analista de recursos humanos;INTERMEDIARIA;2020;90610;4183,18;88867;98,08;121505;OK;2423;Personnel and Careers Professionals;Gradient 2;0,45;0,07;FORTE
252405;Analista de recursos humanos;INTERMEDIARIA;2021;104659;4340,68;103680;99,06;147620;OK;2423;Personnel and Careers Professionals;Gradient 2;0,45;0,07;FORTE
252405;Analista de recursos humanos;INTERMEDIARIA;2022;116615;5591,20;114376;98,08;171057;OK;2423;Personnel and Careers Professionals;Gradient 2;0,45;0,07;FORTE
252405;Analista de recursos humanos;INTERMEDIARIA;2023;125342;4931,48;122465;97,70;180098;OK;2423;Personnel and Careers Professionals;Gradient 2;0,45;0,07;FORTE
252405;Analista de recursos humanos;INTERMEDIARIA;2024;136032;5121,58;132830;97,65;199434;OK;2423;Personnel and Careers Professionals;Gradient 2;0,45;0,07;FORTE
322205;Técnico de enfermagem;BAIXA;2019;657883;2353,80;632237;96,10;814524;OK;3221;Nursing Associate Professionals;Minimal Exposure;0,22;0,21;FORTE
322205;Técnico de enfermagem;BAIXA;2020;741868;2382,90;712480;96,04;968160;OK;3221;Nursing Associate Professionals;Minimal Exposure;0,22;0,21;FORTE
322205;Técnico de enfermagem;BAIXA;2021;805167;2542,39;789239;98,02;1096670;OK;3221;Nursing Associate Professionals;Minimal Exposure;0,22;0,21;FORTE
322205;Técnico de enfermagem;BAIXA;2022;841360;3184,42;808244;96,06;1119916;OK;3221;Nursing Associate Professionals;Minimal Exposure;0,22;0,21;FORTE
322205;Técnico de enfermagem;BAIXA;2023;909048;3320,39;849135;93,41;1149602;OK;3221;Nursing Associate Professionals;Minimal Exposure;0,22;0,21;FORTE
322205;Técnico de enfermagem;BAIXA;2024;962099;3690,20;892940;92,81;1232644;OK;3221;Nursing Associate Professionals;Minimal Exposure;0,22;0,21;FORTE
411005;Auxiliar de escritório, em geral;ALTA;2019;1890204;1899,60;1838040;97,24;2679875;OK;4110;General Office Clerks;Gradient 4;0,6;0,1;FORTE
411005;Auxiliar de escritório, em geral;ALTA;2020;1767818;1903,17;1712879;96,89;2508928;OK;4110;General Office Clerks;Gradient 4;0,6;0,1;FORTE
411005;Auxiliar de escritório, em geral;ALTA;2021;1836961;1952,95;1797950;97,88;2576599;OK;4110;General Office Clerks;Gradient 4;0,6;0,1;FORTE
411005;Auxiliar de escritório, em geral;ALTA;2022;1868885;2186,51;1783362;95,42;2736759;OK;4110;General Office Clerks;Gradient 4;0,6;0,1;FORTE
411005;Auxiliar de escritório, em geral;ALTA;2023;1960687;2184,69;1810520;92,34;2846140;OK;4110;General Office Clerks;Gradient 4;0,6;0,1;FORTE
411005;Auxiliar de escritório, em geral;ALTA;2024;1963446;2302,82;1791052;91,22;2924520;OK;4110;General Office Clerks;Gradient 4;0,6;0,1;FORTE
411010;Assistente administrativo;ALTA;2019;2162217;3184,34;2113790;97,76;2857685;OK;4110;General Office Clerks;Gradient 4;0,6;0,1;FORTE
411010;Assistente administrativo;ALTA;2020;2050221;3187,53;1992828;97,20;2755714;OK;4110;General Office Clerks;Gradient 4;0,6;0,1;FORTE
411010;Assistente administrativo;ALTA;2021;2252989;3216,60;2215774;98,35;2957595;OK;4110;General Office Clerks;Gradient 4;0,6;0,1;FORTE
411010;Assistente administrativo;ALTA;2022;2343785;3590,81;2271865;96,93;3226463;OK;4110;General Office Clerks;Gradient 4;0,6;0,1;FORTE
411010;Assistente administrativo;ALTA;2023;2551635;3490,72;2333879;91,47;3461457;OK;4110;General Office Clerks;Gradient 4;0,6;0,1;FORTE
411010;Assistente administrativo;ALTA;2024;2590692;3696,86;2323964;89,70;3653645;OK;4110;General Office Clerks;Gradient 4;0,6;0,1;FORTE
412110;Digitador;ALTA;2019;29666;1906,99;28550;96,24;40152;OK;4132;Data Entry Clerks;Gradient 4;0,7;0,03;FORTE
412110;Digitador;ALTA;2020;27111;2002,85;26042;96,06;37508;OK;4132;Data Entry Clerks;Gradient 4;0,7;0,03;FORTE
412110;Digitador;ALTA;2021;27598;1994,61;26791;97,08;38732;OK;4132;Data Entry Clerks;Gradient 4;0,7;0,03;FORTE
412110;Digitador;ALTA;2022;27395;2303,71;26062;95,13;39512;OK;4132;Data Entry Clerks;Gradient 4;0,7;0,03;FORTE
412110;Digitador;ALTA;2023;29479;2622,54;25519;86,57;40428;OK;4132;Data Entry Clerks;Gradient 4;0,7;0,03;FORTE
412110;Digitador;ALTA;2024;28012;2918,74;23486;83,84;41718;OK;4132;Data Entry Clerks;Gradient 4;0,7;0,03;FORTE
413110;Auxiliar de contabilidade;ALTA;2019;191743;2226,90;187758;97,92;261869;OK;4311;Accounting and Bookkeeping Clerks;Gradient 4;0,64;0,07;FORTE
413110;Auxiliar de contabilidade;ALTA;2020;191873;2176,33;188322;98,15;253954;OK;4311;Accounting and Bookkeeping Clerks;Gradient 4;0,64;0,07;FORTE
413110;Auxiliar de contabilidade;ALTA;2021;193871;2331,75;191773;98,92;265216;OK;4311;Accounting and Bookkeeping Clerks;Gradient 4;0,64;0,07;FORTE
413110;Auxiliar de contabilidade;ALTA;2022;196250;2728,67;189930;96,78;278143;OK;4311;Accounting and Bookkeeping Clerks;Gradient 4;0,64;0,07;FORTE
413110;Auxiliar de contabilidade;ALTA;2023;200637;2744,59;193454;96,42;281539;OK;4311;Accounting and Bookkeeping Clerks;Gradient 4;0,64;0,07;FORTE
413110;Auxiliar de contabilidade;ALTA;2024;203155;2896,34;195301;96,13;290514;OK;4311;Accounting and Bookkeeping Clerks;Gradient 4;0,64;0,07;FORTE
413115;Auxiliar de faturamento;ALTA;2019;64760;2186,45;63028;97,33;86354;OK;4311;Accounting and Bookkeeping Clerks;Gradient 4;0,64;0,07;FORTE
413115;Auxiliar de faturamento;ALTA;2020;64383;2171,72;62876;97,66;84828;OK;4311;Accounting and Bookkeeping Clerks;Gradient 4;0,64;0,07;FORTE
413115;Auxiliar de faturamento;ALTA;2021;67654;2318,07;66665;98,54;90743;OK;4311;Accounting and Bookkeeping Clerks;Gradient 4;0,64;0,07;FORTE
413115;Auxiliar de faturamento;ALTA;2022;73729;2817,88;71544;97,04;100744;OK;4311;Accounting and Bookkeeping Clerks;Gradient 4;0,64;0,07;FORTE
413115;Auxiliar de faturamento;ALTA;2023;77104;2719,12;74710;96,90;105736;OK;4311;Accounting and Bookkeeping Clerks;Gradient 4;0,64;0,07;FORTE
413115;Auxiliar de faturamento;ALTA;2024;80822;2859,89;78175;96,72;112023;OK;4311;Accounting and Bookkeeping Clerks;Gradient 4;0,64;0,07;FORTE
413210;Caixa de banco;ALTA;2019;54560;2814,14;52834;96,84;75794;OK;4211;Bank Tellers and Related Clerks;Gradient 3;0,58;0,09;FORTE
413210;Caixa de banco;ALTA;2020;36816;2590,01;35396;96,14;48757;OK;4211;Bank Tellers and Related Clerks;Gradient 3;0,58;0,09;FORTE
413210;Caixa de banco;ALTA;2021;46658;2986,07;45161;96,79;66433;OK;4211;Bank Tellers and Related Clerks;Gradient 3;0,58;0,09;FORTE
413210;Caixa de banco;ALTA;2022;47233;6432,49;44547;94,31;66362;OK;4211;Bank Tellers and Related Clerks;Gradient 3;0,58;0,09;FORTE
413210;Caixa de banco;ALTA;2023;42350;3441,60;39111;92,35;61447;OK;4211;Bank Tellers and Related Clerks;Gradient 3;0,58;0,09;FORTE
413210;Caixa de banco;ALTA;2024;37642;3634,84;33982;90,28;54906;OK;4211;Bank Tellers and Related Clerks;Gradient 3;0,58;0,09;FORTE
413225;Escriturário de banco;ALTA;2019;234242;8981,91;222730;95,09;260247;OK;4211;Bank Tellers and Related Clerks;Gradient 3;0,58;0,09;BOA
413225;Escriturário de banco;ALTA;2020;223581;9686,74;206534;92,38;262689;OK;4211;Bank Tellers and Related Clerks;Gradient 3;0,58;0,09;BOA
413225;Escriturário de banco;ALTA;2021;224419;10053,07;208270;92,80;252913;OK;4211;Bank Tellers and Related Clerks;Gradient 3;0,58;0,09;BOA
413225;Escriturário de banco;ALTA;2022;213830;27758,12;206607;96,62;270234;OK;4211;Bank Tellers and Related Clerks;Gradient 3;0,58;0,09;BOA
413225;Escriturário de banco;ALTA;2023;214172;11835,66;206070;96,22;255307;OK;4211;Bank Tellers and Related Clerks;Gradient 3;0,58;0,09;BOA
413225;Escriturário de banco;ALTA;2024;210844;12496,03;201519;95,58;266553;OK;4211;Bank Tellers and Related Clerks;Gradient 3;0,58;0,09;BOA
414105;Almoxarife;INTERMEDIARIA;2019;382149;1906,63;369216;96,62;559868;OK;4321;Stock Clerks;Minimal Exposure;0,37;0,06;FORTE
414105;Almoxarife;INTERMEDIARIA;2020;380282;1883,31;368345;96,86;559693;OK;4321;Stock Clerks;Minimal Exposure;0,37;0,06;FORTE
414105;Almoxarife;INTERMEDIARIA;2021;397819;2028,09;388664;97,70;599855;OK;4321;Stock Clerks;Minimal Exposure;0,37;0,06;FORTE
414105;Almoxarife;INTERMEDIARIA;2022;411046;2519,62;393675;95,77;640388;OK;4321;Stock Clerks;Minimal Exposure;0,37;0,06;FORTE
414105;Almoxarife;INTERMEDIARIA;2023;412643;2398,57;393812;95,44;649651;OK;4321;Stock Clerks;Minimal Exposure;0,37;0,06;FORTE
414105;Almoxarife;INTERMEDIARIA;2024;418474;2539,70;397238;94,93;679383;OK;4321;Stock Clerks;Minimal Exposure;0,37;0,06;FORTE
421125;Operador de caixa;INTERMEDIARIA;2019;869469;1488,19;842591;96,91;1347972;OK;5230;Cashiers and Ticket Clerks;Gradient 1;0,39;0,14;FORTE
421125;Operador de caixa;INTERMEDIARIA;2020;868278;1433,44;842215;97,00;1320363;OK;5230;Cashiers and Ticket Clerks;Gradient 1;0,39;0,14;FORTE
421125;Operador de caixa;INTERMEDIARIA;2021;904631;1537,98;884463;97,77;1419351;OK;5230;Cashiers and Ticket Clerks;Gradient 1;0,39;0,14;FORTE
421125;Operador de caixa;INTERMEDIARIA;2022;963690;1897,97;913088;94,75;1586117;OK;5230;Cashiers and Ticket Clerks;Gradient 1;0,39;0,14;FORTE
421125;Operador de caixa;INTERMEDIARIA;2023;982759;1827,27;925499;94,17;1657921;OK;5230;Cashiers and Ticket Clerks;Gradient 1;0,39;0,14;FORTE
421125;Operador de caixa;INTERMEDIARIA;2024;1013833;1933,44;947332;93,44;1772639;OK;5230;Cashiers and Ticket Clerks;Gradient 1;0,39;0,14;FORTE
422105;Recepcionista, em geral;ALTA;2019;543023;1499,99;523696;96,44;802832;OK;4226;Receptionists (general);Gradient 3;0,57;0,17;FORTE
422105;Recepcionista, em geral;ALTA;2020;512814;1451,83;493466;96,23;755784;OK;4226;Receptionists (general);Gradient 3;0,57;0,17;FORTE
422105;Recepcionista, em geral;ALTA;2021;539326;1553,59;525697;97,47;797563;OK;4226;Receptionists (general);Gradient 3;0,57;0,17;FORTE
422105;Recepcionista, em geral;ALTA;2022;588394;1855,49;552788;93,95;908161;OK;4226;Receptionists (general);Gradient 3;0,57;0,17;FORTE
422105;Recepcionista, em geral;ALTA;2023;613157;1834,50;568817;92,77;940709;OK;4226;Receptionists (general);Gradient 3;0,57;0,17;FORTE
422105;Recepcionista, em geral;ALTA;2024;632405;1941,30;582455;92,10;994529;OK;4226;Receptionists (general);Gradient 3;0,57;0,17;FORTE
422305;Operador de telemarketing ativo;ALTA;2019;47292;1370,85;45388;95,97;86486;OK;5244;Contact Centre Salespersons;Gradient 4;0,61;0,1;FORTE
422305;Operador de telemarketing ativo;ALTA;2020;44803;1384,87;43066;96,12;79061;OK;5244;Contact Centre Salespersons;Gradient 4;0,61;0,1;FORTE
422305;Operador de telemarketing ativo;ALTA;2021;41287;1475,49;39872;96,57;78700;OK;5244;Contact Centre Salespersons;Gradient 4;0,61;0,1;FORTE
422305;Operador de telemarketing ativo;ALTA;2022;38127;1883,29;35226;92,39;75701;OK;5244;Contact Centre Salespersons;Gradient 4;0,61;0,1;FORTE
422305;Operador de telemarketing ativo;ALTA;2023;37741;1758,04;34730;92,02;74772;OK;5244;Contact Centre Salespersons;Gradient 4;0,61;0,1;FORTE
422305;Operador de telemarketing ativo;ALTA;2024;34168;1897,68;30924;90,51;67751;OK;5244;Contact Centre Salespersons;Gradient 4;0,61;0,1;FORTE
513205;Cozinheiro geral;BAIXA;2019;509944;1556,68;487694;95,64;752125;OK;5120;Cooks;Not Exposed;0,18;0,06;FORTE
513205;Cozinheiro geral;BAIXA;2020;439888;1478,12;417193;94,84;667613;OK;5120;Cooks;Not Exposed;0,18;0,06;FORTE
513205;Cozinheiro geral;BAIXA;2021;471654;1600,93;452244;95,88;675774;OK;5120;Cooks;Not Exposed;0,18;0,06;FORTE
513205;Cozinheiro geral;BAIXA;2022;545286;1913,78;493908;90,58;815197;OK;5120;Cooks;Not Exposed;0,18;0,06;FORTE
513205;Cozinheiro geral;BAIXA;2023;578028;1962,13;511722;88,53;868158;OK;5120;Cooks;Not Exposed;0,18;0,06;FORTE
513205;Cozinheiro geral;BAIXA;2024;596784;2115,70;523160;87,66;912340;OK;5120;Cooks;Not Exposed;0,18;0,06;FORTE
513405;Garçom;BAIXA;2019;191957;1723,58;183001;95,33;316101;OK;5131;Waiters;Minimal Exposure;0,28;0,16;FORTE
513405;Garçom;BAIXA;2020;148076;1457,46;139924;94,49;262246;OK;5131;Waiters;Minimal Exposure;0,28;0,16;FORTE
513405;Garçom;BAIXA;2021;159203;1702,92;152446;95,76;253477;OK;5131;Waiters;Minimal Exposure;0,28;0,16;FORTE
513405;Garçom;BAIXA;2022;196466;2056,54;174840;88,99;326867;OK;5131;Waiters;Minimal Exposure;0,28;0,16;FORTE
513405;Garçom;BAIXA;2023;210145;2162,96;185874;88,45;358668;OK;5131;Waiters;Minimal Exposure;0,28;0,16;FORTE
513405;Garçom;BAIXA;2024;218154;2309,80;190543;87,34;379875;OK;5131;Waiters;Minimal Exposure;0,28;0,16;FORTE
513505;Auxiliar nos serviços de alimentação;BAIXA;2019;383557;1418,92;365190;95,21;630907;OK;9412;Kitchen Helpers;Not Exposed;0,13;0,02;FORTE
513505;Auxiliar nos serviços de alimentação;BAIXA;2020;344734;1323,21;327431;94,98;586307;OK;9412;Kitchen Helpers;Not Exposed;0,13;0,02;FORTE
513505;Auxiliar nos serviços de alimentação;BAIXA;2021;385598;1445,25;370120;95,99;637344;OK;9412;Kitchen Helpers;Not Exposed;0,13;0,02;FORTE
513505;Auxiliar nos serviços de alimentação;BAIXA;2022;463929;1729,86;420890;90,72;805972;OK;9412;Kitchen Helpers;Not Exposed;0,13;0,02;FORTE
513505;Auxiliar nos serviços de alimentação;BAIXA;2023;517274;1742,15;467377;90,35;921974;OK;9412;Kitchen Helpers;Not Exposed;0,13;0,02;FORTE
513505;Auxiliar nos serviços de alimentação;BAIXA;2024;556885;1868,51;497912;89,41;1027538;OK;9412;Kitchen Helpers;Not Exposed;0,13;0,02;FORTE
514320;Faxineiro;BAIXA;2019;1567159;1332,64;1474632;94,10;2308021;OK;9112;Cleaners and Helpers in Offices, Hotels and Other Establishments;Not Exposed;0,12;0,02;FORTE
514320;Faxineiro;BAIXA;2020;1579251;1312,15;1477849;93,58;2309460;OK;9112;Cleaners and Helpers in Offices, Hotels and Other Establishments;Not Exposed;0,12;0,02;FORTE
514320;Faxineiro;BAIXA;2021;1695363;1396,26;1598543;94,29;2522999;OK;9112;Cleaners and Helpers in Offices, Hotels and Other Establishments;Not Exposed;0,12;0,02;FORTE
514320;Faxineiro;BAIXA;2022;1913547;1639,91;1745275;91,21;2931448;OK;9112;Cleaners and Helpers in Offices, Hotels and Other Establishments;Not Exposed;0,12;0,02;FORTE
514320;Faxineiro;BAIXA;2023;2022154;1675,43;1809479;89,48;3183496;OK;9112;Cleaners and Helpers in Offices, Hotels and Other Establishments;Not Exposed;0,12;0,02;FORTE
514320;Faxineiro;BAIXA;2024;2105999;1794,95;1863360;88,48;3418463;OK;9112;Cleaners and Helpers in Offices, Hotels and Other Establishments;Not Exposed;0,12;0,02;FORTE
521110;Vendedor de comércio varejista;INTERMEDIARIA;2019;1874200;1843,63;1823647;97,30;2988936;OK;5223;Shop Sales Assistants;Gradient 1;0,38;0,16;FORTE
521110;Vendedor de comércio varejista;INTERMEDIARIA;2020;1751560;1830,73;1702704;97,21;2731090;OK;5223;Shop Sales Assistants;Gradient 1;0,38;0,16;FORTE
521110;Vendedor de comércio varejista;INTERMEDIARIA;2021;1815873;2036,74;1781876;98,13;2868127;OK;5223;Shop Sales Assistants;Gradient 1;0,38;0,16;FORTE
521110;Vendedor de comércio varejista;INTERMEDIARIA;2022;1934004;2534,02;1813470;93,77;3167912;OK;5223;Shop Sales Assistants;Gradient 1;0,38;0,16;FORTE
521110;Vendedor de comércio varejista;INTERMEDIARIA;2023;1942465;2426,53;1808377;93,10;3215272;OK;5223;Shop Sales Assistants;Gradient 1;0,38;0,16;FORTE
521110;Vendedor de comércio varejista;INTERMEDIARIA;2024;1957552;2606,76;1811059;92,52;3281409;OK;5223;Shop Sales Assistants;Gradient 1;0,38;0,16;FORTE
521125;Repositor de mercadorias;BAIXA;2019;529291;1364,01;510869;96,52;828607;OK;9334;Shelf Fillers;Not Exposed;0,2;0,1;FORTE
521125;Repositor de mercadorias;BAIXA;2020;549424;1342,08;525390;95,63;854986;OK;9334;Shelf Fillers;Not Exposed;0,2;0,1;FORTE
521125;Repositor de mercadorias;BAIXA;2021;567879;1406,77;548056;96,51;922419;OK;9334;Shelf Fillers;Not Exposed;0,2;0,1;FORTE
521125;Repositor de mercadorias;BAIXA;2022;584774;1692,53;547266;93,59;999065;OK;9334;Shelf Fillers;Not Exposed;0,2;0,1;FORTE
521125;Repositor de mercadorias;BAIXA;2023;597116;1644,86;556956;93,27;1044931;OK;9334;Shelf Fillers;Not Exposed;0,2;0,1;FORTE
521125;Repositor de mercadorias;BAIXA;2024;609507;1737,44;562785;92,33;1117473;OK;9334;Shelf Fillers;Not Exposed;0,2;0,1;FORTE
715210;Pedreiro;BAIXA;2019;288779;1920,49;258303;89,45;583804;OK;7112;Bricklayers and Related Workers;Not Exposed;0,09;0,01;FORTE
715210;Pedreiro;BAIXA;2020;288856;1884,41;256679;88,86;569507;OK;7112;Bricklayers and Related Workers;Not Exposed;0,09;0,01;FORTE
715210;Pedreiro;BAIXA;2021;314938;1995,94;287319;91,23;630670;OK;7112;Bricklayers and Related Workers;Not Exposed;0,09;0,01;FORTE
715210;Pedreiro;BAIXA;2022;375805;3150,53;320143;85,19;759786;OK;7112;Bricklayers and Related Workers;Not Exposed;0,09;0,01;FORTE
715210;Pedreiro;BAIXA;2023;401589;2404,37;337901;84,14;816941;OK;7112;Bricklayers and Related Workers;Not Exposed;0,09;0,01;FORTE
715210;Pedreiro;BAIXA;2024;412641;2573,06;342176;82,92;859197;OK;7112;Bricklayers and Related Workers;Not Exposed;0,09;0,01;FORTE
717020;Servente de obras;BAIXA;2019;514111;1449,44;464346;90,32;1062649;OK;9313;Building Construction Labourers;Not Exposed;0,09;0,02;FORTE
717020;Servente de obras;BAIXA;2020;540368;1420,73;486651;90,06;1091220;OK;9313;Building Construction Labourers;Not Exposed;0,09;0,02;FORTE
717020;Servente de obras;BAIXA;2021;586266;1494,11;541557;92,37;1246589;OK;9313;Building Construction Labourers;Not Exposed;0,09;0,02;FORTE
717020;Servente de obras;BAIXA;2022;679338;2156,28;592278;87,18;1470344;OK;9313;Building Construction Labourers;Not Exposed;0,09;0,02;FORTE
717020;Servente de obras;BAIXA;2023;706385;1813,05;608378;86,13;1547864;OK;9313;Building Construction Labourers;Not Exposed;0,09;0,02;FORTE
717020;Servente de obras;BAIXA;2024;704924;1936,61;596172;84,57;1609517;OK;9313;Building Construction Labourers;Not Exposed;0,09;0,02;FORTE
782220;Operador de empilhadeira;BAIXA;2019;141404;2349,05;136077;96,23;190176;OK;8344;Lifting Truck Operators;Not Exposed;0,2;0,1;FORTE
782220;Operador de empilhadeira;BAIXA;2020;149603;2332,05;144486;96,58;201982;OK;8344;Lifting Truck Operators;Not Exposed;0,2;0,1;FORTE
782220;Operador de empilhadeira;BAIXA;2021;162309;2492,92;157953;97,32;222910;OK;8344;Lifting Truck Operators;Not Exposed;0,2;0,1;FORTE
782220;Operador de empilhadeira;BAIXA;2022;172087;3022,94;165944;96,43;244447;OK;8344;Lifting Truck Operators;Not Exposed;0,2;0,1;FORTE
782220;Operador de empilhadeira;BAIXA;2023;181591;2895,67;174812;96,27;255956;OK;8344;Lifting Truck Operators;Not Exposed;0,2;0,1;FORTE
782220;Operador de empilhadeira;BAIXA;2024;194470;3076,45;186768;96,04;282618;OK;8344;Lifting Truck Operators;Not Exposed;0,2;0,1;FORTE
782510;Motorista de caminhão (rotas regionais e internacionais);BAIXA;2019;865468;2453,79;816031;94,29;1277843;OK;8332;Heavy Truck and Lorry Drivers;Minimal Exposure;0,24;0,22;FORTE
782510;Motorista de caminhão (rotas regionais e internacionais);BAIXA;2020;907201;2442,20;854571;94,20;1323053;OK;8332;Heavy Truck and Lorry Drivers;Minimal Exposure;0,24;0,22;FORTE
782510;Motorista de caminhão (rotas regionais e internacionais);BAIXA;2021;972075;2598,56;931229;95,80;1461392;OK;8332;Heavy Truck and Lorry Drivers;Minimal Exposure;0,24;0,22;FORTE
782510;Motorista de caminhão (rotas regionais e internacionais);BAIXA;2022;1085538;3158,53;1016234;93,62;1641859;OK;8332;Heavy Truck and Lorry Drivers;Minimal Exposure;0,24;0,22;FORTE
782510;Motorista de caminhão (rotas regionais e internacionais);BAIXA;2023;1152587;3175,09;1074992;93,27;1769710;OK;8332;Heavy Truck and Lorry Drivers;Minimal Exposure;0,24;0,22;FORTE
782510;Motorista de caminhão (rotas regionais e internacionais);BAIXA;2024;1202649;3415,02;1117835;92,95;1888334;OK;8332;Heavy Truck and Lorry Drivers;Minimal Exposure;0,24;0,22;FORTE
